model,rmse,r2
Linear Regression,781.7324911298808,0.999659643306761
