model,rmse,r2
Linear Regression,28539.499118647687,0.5463607086587495
