model,rmse,r2
Linear Regression,25626.14077595784,0.6342499577529858
