model,rmse,r2
Linear Regression,1067.184366055713,0.999365696834968
