model,rmse,r2
Linear Regression,32138.77649856574,0.4247234798984616
