model,rmse,r2
Random Forest,21840.54722482756,0.7343284797004201
