model,rmse,r2
XGBoost,17337.79981682225,0.8325805394286805
